id,level,surface,reading_kana,furigana,meaning_ko,part_of_speech,card_type,example_jp,example_ko,example_jp_id,example_jp_author,example_ko_id,example_ko_author,example_license,alt_forms,disambig,source,qa_status,deprecated,tags,data_version,frequency,reading_chapter,deprecated_reason,superseded_by
w_b6759dff8d53492a,N3,箸,はし,はし,젓가락,noun,A,飯つぶが箸からぼろぼろと落ちる.,밥알이 젓가락에서 부스스 떨어진다,,NAVER 일본어사전 · 민중서림 엣센스 한일사전,,,owner-confirmed-cleared,,젓가락,naver:ja-dict-jlpt-list,verified,0,"[""naver-level-backfill"",""jmdict-exact"",""ko-from-naver"",""feedback-fix-2026-08-20""]",3,3.800,21,,
w_c2af7770c84545bd,N3,虎,とら,とら,호랑이,noun,A,この山には虎がいるんだ.,이 산에는 호랑이가 있느니라,,NAVER 일본어사전 · 민중서림 엣센스 한일사전,,,owner-confirmed-cleared,,,naver:ja-dict-jlpt-list,verified,0,"[""naver-level-backfill"",""jmdict-exact"",""ko-from-naver"",""feedback-fix-2026-08-20""]",3,4.270,13,,
w_2ebcf0920b4f9808,N3,毒,どく,どく,"독, 독극물",noun,A,毒をもって毒を制する,독을 독으로써 제어하다; 이독제독(以毒制毒),,NAVER 일본어사전 · 민중서림 엣센스 일한사전,,,owner-confirmed-cleared,,,naver:ja-dict-jlpt-list,verified,0,"[""naver-level-backfill"",""jmdict-exact"",""ko-from-naver"",""feedback-fix-2026-08-20""]",3,4.480,10,,
w_06fbc4f4058c0110,N3,泥,どろ,どろ,진흙,noun,A,靴の泥を拭い去る,신발의 진흙을 씻어 내다,,NAVER 일본어사전 · 민중서림 엣센스 일한사전,,,owner-confirmed-cleared,,,naver:ja-dict-jlpt-list,verified,0,"[""naver-level-backfill"",""jmdict-exact"",""ko-from-naver"",""feedback-fix-2026-08-20""]",3,4.170,15,,
w_927a3983b160576b,N3,腹,はら,はら,"배, 복부",noun,A,腹が張る,배가 땡땡하다; 복부 팽만감을 느끼다,,NAVER 일본어사전 · 민중서림 엣센스 일한사전,,,owner-confirmed-cleared,,,naver:ja-dict-jlpt-list,verified,0,"[""naver-level-backfill"",""jmdict-exact"",""ko-from-naver"",""feedback-fix-2026-08-20""]",3,4.700,6,,
w_4a137926b2287cfd,N3,針,はり,はり,바늘,noun,A,時計の針を進める.,시곗바늘을 돌려 빨리 가게 하다,,NAVER 일본어사전 · 민중서림 엣센스 한일사전,,,owner-confirmed-cleared,,,naver:ja-dict-jlpt-list,verified,0,"[""naver-level-backfill"",""jmdict-exact"",""ko-from-naver"",""feedback-fix-2026-08-20""]",3,4.160,15,,
w_f25fa022cc5852d2,N3,紐,ひも,ひも,끈,noun,A,紐の両端を接する,끈의 양 끝을 잇다,,NAVER 일본어사전 · 민중서림 엣센스 일한사전,,,owner-confirmed-cleared,,,naver:ja-dict-jlpt-list,verified,0,"[""naver-level-backfill"",""jmdict-exact"",""ko-from-naver"",""feedback-fix-2026-08-20""]",3,4.140,15,,
w_113afe5c67c7d699,N3,埃,ほこり,ほこり,먼지,noun,A,今年１年の埃を払い、新年を清清しく迎える,올 한 해의 먼지를 떨어내고 산뜻한 새해를 맞이하다,,NAVER 일본어사전 · 민중서림 엣센스 일한사전,,,owner-confirmed-cleared,,,naver:ja-dict-jlpt-list,verified,0,"[""naver-level-backfill"",""jmdict-exact"",""ko-from-naver"",""feedback-fix-2026-08-20""]",3,3.540,24,,
w_e631b1b46ee503a7,N3,筆,ふで,ふで,붓,noun,A,筆を走らせる,붓을 달리다((빠른 속도로 쓰다)),,NAVER 일본어사전 · 민중서림 엣센스 일한사전,,,owner-confirmed-cleared,,,naver:ja-dict-jlpt-list,verified,0,"[""naver-level-backfill"",""jmdict-exact"",""ko-from-naver"",""feedback-fix-2026-08-20""]",3,4.020,17,,
w_64d4b0caee1c09bd,N3,柱,はしら,はしら,기둥,noun,A,りりしい子供は国の柱である.,씩씩한 어린이는 나라의 기둥이다,,NAVER 일본어사전 · 민중서림 엣센스 한일사전,,,owner-confirmed-cleared,,,naver:ja-dict-jlpt-list,verified,0,"[""naver-level-backfill"",""jmdict-exact"",""ko-from-naver"",""feedback-fix-2026-08-20""]",3,4.180,15,,
w_1934fc0b098bed0b,N3,畑,はたけ,はたけ,밭,noun,A,丘の斜面に畑を作る.,언덕 사면에 밭을 만들다,,NAVER 일본어사전 · 민중서림 엣센스 한일사전,,,owner-confirmed-cleared,,,naver:ja-dict-jlpt-list,verified,0,"[""naver-level-backfill"",""jmdict-exact"",""ko-from-naver"",""feedback-fix-2026-08-20""]",3,4.280,13,,
w_e7268c08398f5c21,N3,鶏,にわとり,にわとり,닭,noun,A,鶏の餌にふすまをやる.,닭의 모이로 기울을 주다,,NAVER 일본어사전 · 민중서림 엣센스 한일사전,,,owner-confirmed-cleared,,,naver:ja-dict-jlpt-list,verified,0,"[""naver-level-backfill"",""jmdict-exact"",""ko-from-naver"",""feedback-fix-2026-08-20""]",3,4.230,14,,
w_ec90d7994c511851,N3,鼠,ねずみ,ねずみ,쥐,noun,A,唯の鼠ではない,보통 인물이 아니다; 방심할 수 없는 놈이다,,NAVER 일본어사전 · 민중서림 엣센스 일한사전,,,owner-confirmed-cleared,,,naver:ja-dict-jlpt-list,verified,0,"[""naver-level-backfill"",""jmdict-exact"",""ko-from-naver"",""feedback-fix-2026-08-20""]",3,3.430,25,,
w_6fd423e6d1c6a4ae,N3,種,たね,たね,"씨, 종자",noun,A,楽は苦の種苦は楽の種,"낙은 고생의 씨, 고생은 낙의 씨(편안히 지내고 있으면 괴로움이 생기며 괴로움을 참고 견디면 낙이 온다는 말)",,NAVER 일본어사전 · 민중서림 엣센스 일한사전,,,owner-confirmed-cleared,,,naver:ja-dict-jlpt-list,verified,0,"[""naver-level-backfill"",""jmdict-exact"",""ko-from-naver"",""feedback-fix-2026-08-20""]",3,4.960,3,,
w_9dc2325d8683044e,N3,微笑む,ほほえむ,ほほえむ,미소 짓다,verb,B,勝利の女神が…に微笑む,승리의 여신이 …에게 미소 짓다,,NAVER 일본어사전 · 민중서림 엣센스 일한사전,,,owner-confirmed-cleared,,,naver:ja-dict-jlpt-list,verified,0,"[""naver-level-backfill"",""jmdict-exact"",""ko-from-naver"",""feedback-fix-2026-08-20""]",3,3.020,28,,
w_3843ee4af423301d,N3,人々,ひとびと,ひとびと,사람들,noun,A,その映画は人々の涙を誘った,그 영화는 사람들의 심금을 울렸다,,NAVER 일본어사전 · 민중서림 엣센스 일한사전,,,owner-confirmed-cleared,,,naver:ja-dict-jlpt-list,verified,0,"[""naver-level-backfill"",""jmdict-exact"",""ko-from-naver"",""feedback-fix-2026-08-20""]",3,4.930,3,,
w_d9200f1a3e734b15,N3,宛先,あてさき,あてさき,"수신인, 받는 주소",noun,A,宛先リストを作成する,수신인 리스트를 작성하다,,NAVER 일본어사전 · 민중서림 엣센스 일한사전,,,owner-confirmed-cleared,,,naver:ja-dict-jlpt-list,verified,0,"[""naver-level-backfill"",""jmdict-exact"",""ko-from-naver"",""feedback-fix-2026-08-20""]",3,3.060,28,,
w_6a6e331edd9cf1e0,N3,自由席,じゆうせき,じゆうせき,자유석,noun,A,自由席に座った。,자유석에 앉았다.,,AshitaKanji 편집 예문,,,self,,,naver:ja-dict-jlpt-list,verified,0,"[""naver-level-backfill"",""jmdict-exact"",""feedback-fix-2026-08-20"",""curated-naver-catalog""]",3,4.690,6,,
w_f9ad8893fe4738c0,N3,始発駅,しはつえき,しはつえき,시발역,noun,A,始発駅を発車する,시발역을 출발하다,,NAVER 일본어사전 · 민중서림 엣센스 일한사전,,,owner-confirmed-cleared,,,naver:ja-dict-jlpt-list,verified,0,"[""naver-level-backfill"",""jmdict-exact"",""ko-from-naver"",""feedback-fix-2026-08-20""]",3,2.370,30,,
w_97a4b4b110d91439,N3,味見,あじみ,あじみ,맛보기,noun,A,味見のためにつまみ食いする,간을 보기 위해 손으로 집어 먹다.,,NAVER 일본어사전 · 민중서림 엣센스 일한사전,,,owner-confirmed-cleared,,,naver:ja-dict-jlpt-list,verified,0,"[""naver-level-backfill"",""jmdict-exact"",""ko-from-naver"",""feedback-fix-2026-08-20""]",3,3.240,27,,
w_6de4c1af6340b81d,N3,くしゃみ,くしゃみ,くしゃみ,재채기,noun,C,鼻アレルギーの主な症状はくしゃみ、鼻水、鼻づまりである,"알레르기 비염의 주된 증상은 재채기, 콧물, 코 막힘이다",,NAVER 일본어사전 · 민중서림 엣센스 일한사전,,,owner-confirmed-cleared,,,naver:ja-dict-jlpt-list,verified,0,"[""naver-level-backfill"",""jmdict-exact"",""ko-from-naver"",""feedback-fix-2026-08-20""]",3,3.400,25,,
w_4f74e9af3f4010e5,N3,やる気,やるき,やるき,의욕,noun,B,てんでやる気が出ない,도무지 의욕이 나질 않는다,,NAVER 일본어사전 · 민중서림 엣센스 일한사전,,,owner-confirmed-cleared,,,naver:ja-dict-jlpt-list,verified,0,"[""naver-level-backfill"",""jmdict-exact"",""ko-from-naver"",""feedback-fix-2026-08-20""]",3,4.450,10,,
w_6acebe28608188e7,N3,なだらか,なだらか,なだらか,완만한,adjective,C,なだらかな丘陵を縫うカントリー・ロードに沿って，中世の姿を残す素朴な村村が点在する,"완만한 구릉을 누비는 시골길을 따라, 중세의 모습을 엿보게 하는 소박한 마을들이 (여기저기) 점재해 있다.",,NAVER 일본어사전 · 민중서림 엣센스 외래어사전,,,owner-confirmed-cleared,,,naver:ja-dict-jlpt-list,verified,0,"[""naver-level-backfill"",""jmdict-exact"",""ko-from-naver"",""feedback-fix-2026-08-20""]",3,2.770,29,,
w_ab6a046befd0d3fc,N3,我慢強い,がまんづよい,がまんづよい,참을성이 많다,adjective,B,我慢強い待ち。,진득한 기다림.,,NAVER 일본어사전 · 국립국어원 한국어-일본어 학습사전,,,owner-confirmed-cleared,,,naver:ja-dict-jlpt-list,verified,0,"[""naver-level-backfill"",""jmdict-exact"",""ko-from-naver"",""feedback-fix-2026-08-20""]",3,2.370,30,,
w_e6a69e3b92f4266a,N3,いつの間にか,いつのまにか,いつのまにか,어느새,adverb,B,いつの間にか秋になっていた.,어느새 가을이 되어 있었다,,NAVER 일본어사전 · 민중서림 엣센스 한일사전,,,owner-confirmed-cleared,,,naver:ja-dict-jlpt-list,verified,0,"[""naver-level-backfill"",""jmdict-exact"",""ko-from-naver"",""feedback-fix-2026-08-20""]",3,4.070,17,,
w_189963d9b879daaa,N2,日本,にほん,にほん,일본,noun,A,日本で万博が行われた,일본에서 만국 박람회가 열렸다,,NAVER 일본어사전 · 민중서림 엣센스 일한사전,,,owner-confirmed-cleared,,,naver:ja-dict-jlpt-list,verified,0,"[""naver-level-backfill"",""jmdict-exact"",""ko-from-naver"",""feedback-fix-2026-08-20""]",3,6.050,1,,
w_32dbafd16a4e2c77,N2,チーム,チーム,チーム,팀,noun,D,チームに入る,팀에 가입하다.,,NAVER 일본어사전 · 민중서림 엣센스 일한사전,,,owner-confirmed-cleared,,,naver:ja-dict-jlpt-list,verified,0,"[""naver-level-backfill"",""jmdict-exact"",""ko-from-naver"",""feedback-fix-2026-08-20""]",3,5.180,1,,
w_a409937488a8e0ca,N2,最大,さいだい,さいだい,최대,noun,A,彼を最大の敵と目した.,그를 최대의 적으로 지목하였다,,NAVER 일본어사전 · 민중서림 엣센스 한일사전,,,owner-confirmed-cleared,,,naver:ja-dict-jlpt-list,verified,0,"[""naver-level-backfill"",""jmdict-exact"",""ko-from-naver"",""feedback-fix-2026-08-20""]",3,5.060,2,,
w_c64636298cdcedd1,N2,何でも,なんでも,なんでも,무엇이든,adverb,B,何でも少しは心得ている,무엇이든 조금은 알고 있다,,NAVER 일본어사전 · 민중서림 엣센스 일한사전,,,owner-confirmed-cleared,,,naver:ja-dict-jlpt-list,verified,0,"[""naver-level-backfill"",""jmdict-exact"",""ko-from-naver"",""feedback-fix-2026-08-20""]",3,6.070,1,,
w_15a9c02e279288fa,N2,第一,だいいち,だいいち,"제일, 첫째",noun,A,まず第一は何をやるか,우선 첫째 무엇을 할까[하겠는가],,NAVER 일본어사전 · 민중서림 엣센스 일한사전,,,owner-confirmed-cleared,,,naver:ja-dict-jlpt-list,verified,0,"[""naver-level-backfill"",""jmdict-exact"",""ko-from-naver"",""feedback-fix-2026-08-20""]",3,5.540,1,,
w_539fc5bf88b962e2,N2,投票,とうひょう,とうひょう,투표,noun,A,だれに投票するかまだ決めていない.,누구에게 투표할지 아직 결정 못했다,,NAVER 일본어사전 · 민중서림 엣센스 한일사전,,,owner-confirmed-cleared,,,naver:ja-dict-jlpt-list,verified,0,"[""naver-level-backfill"",""jmdict-exact"",""ko-from-naver"",""feedback-fix-2026-08-20""]",3,4.840,4,,
w_b58cfba6196a9d55,N2,犯罪,はんざい,はんざい,범죄,noun,A,犯罪の温床を一掃する,범죄의 온상을 일소하다[뿌리 뽑다],,NAVER 일본어사전 · 민중서림 엣센스 일한사전,,,owner-confirmed-cleared,,,naver:ja-dict-jlpt-list,verified,0,"[""naver-level-backfill"",""jmdict-exact"",""ko-from-naver"",""feedback-fix-2026-08-20""]",3,4.920,3,,
w_f39dee7d81642910,N2,円高,えんだか,えんだか,"엔고, 엔화 강세",noun,A,円高は当分続きそうだ,엔고[엔화 강세]는 당분간 계속될 것 같다,,NAVER 일본어사전 · 민중서림 엣센스 일한사전,,,owner-confirmed-cleared,,,naver:ja-dict-jlpt-list,verified,0,"[""naver-level-backfill"",""jmdict-exact"",""ko-from-naver"",""feedback-fix-2026-08-20""]",3,5.270,1,,
w_86896d02782ae305,N2,円安,えんやす,えんやす,"엔저, 엔화 약세",noun,A,円安の傾向に歯止めをかける,엔저 경향에 제동을 걸다,,NAVER 일본어사전 · 민중서림 엣센스 일한사전,,,owner-confirmed-cleared,,,naver:ja-dict-jlpt-list,verified,0,"[""naver-level-backfill"",""jmdict-exact"",""ko-from-naver"",""feedback-fix-2026-08-20""]",3,4.750,5,,
w_9165bb6ac0c4b889,N2,納得,なっとく,なっとく,납득,noun,A,わさびの栽培は、とても難しいのでわさびが高価なのも納得がいきます。,와사비의 재배가 매우 어렵기 때문에 와사비가 비싼 것도 납득이 갑니다.,,NAVER 일본어사전 · 연세대학교 한국어학당 국가별 대표음식,,,owner-confirmed-cleared,,,naver:ja-dict-jlpt-list,verified,0,"[""naver-level-backfill"",""jmdict-exact"",""ko-from-naver"",""feedback-fix-2026-08-20""]",3,4.710,6,,
w_ef77069a51fbad84,N2,同僚,どうりょう,どうりょう,동료,noun,A,同僚との親睦を深めた,동료와의 친목을 돈독히 했다,,NAVER 일본어사전 · 민중서림 엣센스 일한사전,,,owner-confirmed-cleared,,,naver:ja-dict-jlpt-list,verified,0,"[""naver-level-backfill"",""jmdict-exact"",""ko-from-naver"",""feedback-fix-2026-08-20""]",3,4.480,9,,
w_fcfcfef3d180e141,N2,結婚式,けっこんしき,けっこんしき,결혼식,noun,A,結婚式の日が目の前に迫っていた.,결혼식 날이 목전에 다가와 있었다,,NAVER 일본어사전 · 민중서림 엣센스 한일사전,,,owner-confirmed-cleared,,,naver:ja-dict-jlpt-list,verified,0,"[""naver-level-backfill"",""jmdict-exact"",""ko-from-naver"",""feedback-fix-2026-08-20""]",3,4.510,9,,
w_c3a1a3ac675f214e,N2,社員,しゃいん,しゃいん,"사원, 회사원",noun,A,A社では青田買い社員と正社員を同時に募集している.,A그룹에서는 인턴 사원과 정사원을 동시에 모집하고 있다,,NAVER 일본어사전 · 민중서림 엣센스 한일사전,,,owner-confirmed-cleared,,,naver:ja-dict-jlpt-list,verified,0,"[""naver-level-backfill"",""jmdict-exact"",""ko-from-naver"",""feedback-fix-2026-08-20""]",3,4.690,6,,
w_b46e2bcfa7d96251,N2,居酒屋,いざかや,いざかや,"이자카야, 선술집",noun,A,チューハイは、居酒屋のメニューとして登場しました。,츄하이가 주점 메뉴로 등장했습니다.,,NAVER 일본어사전 · 연세대학교 한국어학당 국가별 대표음식,,,owner-confirmed-cleared,,,naver:ja-dict-jlpt-list,verified,0,"[""naver-level-backfill"",""jmdict-exact"",""ko-from-naver"",""feedback-fix-2026-08-20""]",3,4.240,14,,
w_c9ac923933659337,N2,遺産,いさん,いさん,유산,noun,A,遺産を巡って争いが起きる,유산을 둘러싸고 분쟁이 일어나다,,NAVER 일본어사전 · 민중서림 엣센스 일한사전,,,owner-confirmed-cleared,,,naver:ja-dict-jlpt-list,verified,0,"[""naver-level-backfill"",""jmdict-exact"",""ko-from-naver"",""feedback-fix-2026-08-20""]",3,4.500,9,,
w_9939e1efe60f95f6,N2,衣服,いふく,いふく,"의복, 옷",noun,A,衣服を借り着して損料を払う.,의복을 빌려 입고 손료를 내다,,NAVER 일본어사전 · 민중서림 엣센스 한일사전,,,owner-confirmed-cleared,,,naver:ja-dict-jlpt-list,verified,0,"[""naver-level-backfill"",""jmdict-exact"",""ko-from-naver"",""feedback-fix-2026-08-20""]",3,3.710,24,,
w_234b99b141cfd9a7,N2,一家,いっか,いっか,"일가, 한 가족",noun,A,一家が食いつめる.,집안의 생계 길이 막히다,,NAVER 일본어사전 · 민중서림 엣센스 한일사전,,,owner-confirmed-cleared,,,naver:ja-dict-jlpt-list,verified,0,"[""naver-level-backfill"",""jmdict-exact"",""ko-from-naver"",""feedback-fix-2026-08-20""]",3,4.060,17,,
w_a0ffef4281eed56e,N2,誤り,あやまり,あやまり,"잘못, 실수",noun,B,君の論述には誤りがある,너의 논술에는 잘못이 있다.,,NAVER 일본어사전 · 민중서림 엣센스 일한사전,,,owner-confirmed-cleared,,,naver:ja-dict-jlpt-list,verified,0,"[""naver-level-backfill"",""jmdict-exact"",""ko-from-naver"",""feedback-fix-2026-08-20""]",3,4.000,19,,
w_e5e9bebce58793fe,N2,当てる,あてる,あてる,"맞히다, 대다",verb,B,問題を当て推量で当てる.,문제를 어림짐작으로 찍어 맞히다,,NAVER 일본어사전 · 민중서림 엣센스 한일사전,,,owner-confirmed-cleared,,,naver:ja-dict-jlpt-list,verified,0,"[""naver-level-backfill"",""jmdict-exact"",""ko-from-naver"",""feedback-fix-2026-08-20""]",3,3.920,20,,
w_5a31cdbb0a49beed,N2,青空,あおぞら,あおぞら,푸른 하늘,noun,A,雲が散り失せて青空になる,구름이 걷혀 맑은 하늘이 되다,,NAVER 일본어사전 · 민중서림 엣센스 일한사전,,,owner-confirmed-cleared,,,naver:ja-dict-jlpt-list,verified,0,"[""naver-level-backfill"",""jmdict-exact"",""ko-from-naver"",""feedback-fix-2026-08-20""]",3,3.920,20,,
w_518f5d6a41328c85,N2,生み出す,うみだす,うみだす,만들어 내다,verb,B,富者と貧者，勝者と敗者を生み出す社会の矛盾へのプロテストは，昔から映画の主要なテーマであった,"부자와 빈자, 승자와 패자를 만들어 내는 사회의 모순에 대한 항의는 예로부터 영화의 주요한 테마였다.",,NAVER 일본어사전 · 민중서림 엣센스 외래어사전,,,owner-confirmed-cleared,,,naver:ja-dict-jlpt-list,verified,0,"[""naver-level-backfill"",""jmdict-exact"",""ko-from-naver"",""feedback-fix-2026-08-20""]",3,3.850,21,,
w_7829ba606d939d4f,N2,演説,えんぜつ,えんぜつ,연설,noun,A,壇の上で演説をする.,단 위에서 연설을 하다,,NAVER 일본어사전 · 민중서림 엣센스 한일사전,,,owner-confirmed-cleared,,,naver:ja-dict-jlpt-list,verified,0,"[""naver-level-backfill"",""jmdict-exact"",""ko-from-naver"",""feedback-fix-2026-08-20""]",3,4.090,17,,
w_8f8cb620e9cc2ad9,N2,大型,おおがた,おおがた,대형,noun,A,大型クルーズ客船が入港する,대형 크루즈 객선이 입항하다,,NAVER 일본어사전 · 민중서림 엣센스 일한사전,,,owner-confirmed-cleared,,,naver:ja-dict-jlpt-list,verified,0,"[""naver-level-backfill"",""jmdict-exact"",""ko-from-naver"",""feedback-fix-2026-08-20""]",3,4.600,7,,
w_dbef418eb517f5ee,N2,お昼,おひる,おひる,"점심, 낮",noun,B,お昼に食べた物が戻る.,점심에 먹은 것이 받치다,,NAVER 일본어사전 · 민중서림 엣센스 한일사전,,,owner-confirmed-cleared,,,naver:ja-dict-jlpt-list,verified,0,"[""naver-level-backfill"",""jmdict-exact"",""ko-from-naver"",""feedback-fix-2026-08-20""]",3,4.030,18,,
w_e71ff358a5a5b2cf,N2,飼い主,かいぬし,かいぬし,"주인, 기르는 사람",noun,B,飼い主が参加する集団トレーニングに彼はゴールデン・レトリーバーを連れて来た,개 주인이 참가하는 집단 훈련에 그는 골든레트리버를 데리고 왔다.,,NAVER 일본어사전 · 민중서림 엣센스 외래어사전,,,owner-confirmed-cleared,,,naver:ja-dict-jlpt-list,verified,0,"[""naver-level-backfill"",""jmdict-exact"",""ko-from-naver"",""feedback-fix-2026-08-20""]",3,4.020,18,,
w_4bfd82f1eb510072,N2,各国,かっこく,かっこく,각국,noun,A,各国の首脳が一堂に会する.,각국의 수뇌가 한자리에 모이다,,NAVER 일본어사전 · 민중서림 엣센스 한일사전,,,owner-confirmed-cleared,,,naver:ja-dict-jlpt-list,verified,0,"[""naver-level-backfill"",""jmdict-exact"",""ko-from-naver"",""feedback-fix-2026-08-20""]",3,4.190,15,,
w_5032f9664a74398e,N2,外見,がいけん,がいけん,"외견, 겉모습",noun,A,外見はよいが内容は貧弱だ.,외견은 좋으나 내용이 빈약하다,,NAVER 일본어사전 · 민중서림 엣센스 한일사전,,,owner-confirmed-cleared,,,naver:ja-dict-jlpt-list,verified,0,"[""naver-level-backfill"",""jmdict-exact"",""ko-from-naver"",""feedback-fix-2026-08-20""]",3,4.010,18,,
w_6db6dd90c68d20b7,N2,奇妙,きみょう,きみょう,"기묘한, 이상한",adjective,A,私たちは奇妙な世界に住んでいる。それはある意味ですでにバーチャライズされた世界である,우리들은 기묘한 세계에 살고 있다. 그것은 어떤 의미에선 이미 가상된 세계이다.,,NAVER 일본어사전 · 민중서림 엣센스 외래어사전,,,owner-confirmed-cleared,,,naver:ja-dict-jlpt-list,verified,0,"[""naver-level-backfill"",""jmdict-exact"",""ko-from-naver"",""feedback-fix-2026-08-20""]",3,4.130,16,,
w_d495b3ee9377bc36,N2,急激,きゅうげき,きゅうげき,급격한,adjective,A,急激な進歩をとげる,급격한 진보를 이루다,,NAVER 일본어사전 · 민중서림 엣센스 일한사전,,,owner-confirmed-cleared,,,naver:ja-dict-jlpt-list,verified,0,"[""naver-level-backfill"",""jmdict-exact"",""ko-from-naver"",""feedback-fix-2026-08-20""]",3,3.930,20,,
w_08923ac6c2b95253,N2,救助,きゅうじょ,きゅうじょ,구조,noun,A,おぼれた子を救助した,물에 빠진 아이를 구조했다,,NAVER 일본어사전 · 민중서림 엣센스 일한사전,,,owner-confirmed-cleared,,,naver:ja-dict-jlpt-list,verified,0,"[""naver-level-backfill"",""jmdict-exact"",""ko-from-naver"",""feedback-fix-2026-08-20""]",3,4.130,16,,
w_79d375ad544ecc0d,N2,教員,きょういん,きょういん,"교원, 교사",noun,A,教員を養成する.,교원을 양성하다,,NAVER 일본어사전 · 민중서림 엣센스 한일사전,,,owner-confirmed-cleared,,,naver:ja-dict-jlpt-list,verified,0,"[""naver-level-backfill"",""jmdict-exact"",""ko-from-naver"",""feedback-fix-2026-08-20""]",3,4.140,16,,
w_9b03235c5b4d027e,N2,金銭,きんせん,きんせん,"금전, 돈",noun,A,パワーブロガーが商品コメントの見返りに企業から金銭を受け取った場合もあった,파워 블로거가 상품 평을 대가로 기업으로부터 금전을 받은 경우도 있었다,,NAVER 일본어사전 · 민중서림 엣센스 일한사전,,,owner-confirmed-cleared,,,naver:ja-dict-jlpt-list,verified,0,"[""naver-level-backfill"",""jmdict-exact"",""ko-from-naver"",""feedback-fix-2026-08-20""]",3,4.070,17,,
w_78021f3ebd19aa5a,N2,苦痛,くつう,くつう,고통,noun,A,父の厄介になっているのは苦痛だ.,아버지의 신세를 지고 있는 것은 고통스럽다,,NAVER 일본어사전 · 민중서림 엣센스 한일사전,,,owner-confirmed-cleared,,,naver:ja-dict-jlpt-list,verified,0,"[""naver-level-backfill"",""jmdict-exact"",""ko-from-naver"",""feedback-fix-2026-08-20""]",3,4.060,17,,
w_e2cb3cddc979a9ac,N2,研究所,けんきゅうじょ,けんきゅうじょ,연구소,noun,A,工場に研究所を併設する.,공장에 연구소를 병설하다,,NAVER 일본어사전 · 민중서림 엣센스 한일사전,,,owner-confirmed-cleared,,,naver:ja-dict-jlpt-list,verified,0,"[""naver-level-backfill"",""jmdict-exact"",""ko-from-naver"",""feedback-fix-2026-08-20""]",3,4.430,10,,
w_6543785f3fd2fb49,N2,芸能人,げいのうじん,げいのうじん,연예인,noun,A,芸能人の醜聞が明るみに出る.,연예인의 스캔들이 세상에 드러나다,,NAVER 일본어사전 · 민중서림 엣센스 한일사전,,,owner-confirmed-cleared,,,naver:ja-dict-jlpt-list,verified,0,"[""naver-level-backfill"",""jmdict-exact"",""ko-from-naver"",""feedback-fix-2026-08-20""]",3,4.340,12,,
w_3b01ac207403f37d,N2,原子力,げんしりょく,げんしりょく,원자력,noun,A,原子力という新しい動力源.,원자력이라고 하는 새로운 동력원,,NAVER 일본어사전 · 민중서림 엣센스 한일사전,,,owner-confirmed-cleared,,,naver:ja-dict-jlpt-list,verified,0,"[""naver-level-backfill"",""jmdict-exact"",""ko-from-naver"",""feedback-fix-2026-08-20""]",3,4.160,16,,
w_3e389172af03c7be,N2,好奇心,こうきしん,こうきしん,호기심,noun,A,好奇心は優れて少年的なものである,호기심은 특히 소년적인 것이다,,NAVER 일본어사전 · 민중서림 엣센스 일한사전,,,owner-confirmed-cleared,,,naver:ja-dict-jlpt-list,verified,0,"[""naver-level-backfill"",""jmdict-exact"",""ko-from-naver"",""feedback-fix-2026-08-20""]",3,3.820,22,,
w_dbe6c7f2bdb34a15,N2,小型,こがた,こがた,소형,noun,A,小型モニターカメラを取りつける.,소형 모니터 카메라를 설치하다,,NAVER 일본어사전 · 민중서림 엣센스 한일사전,,,owner-confirmed-cleared,,,naver:ja-dict-jlpt-list,verified,0,"[""naver-level-backfill"",""jmdict-exact"",""ko-from-naver"",""feedback-fix-2026-08-20""]",3,4.290,13,,
w_db4fca2913e14855,N2,克服,こくふく,こくふく,극복,noun,A,"理解のある先輩の配慮で,難関を克服することができた.",이해심 있는 선배의 배려로 난관을 극복할 수 있었다,,NAVER 일본어사전 · 민중서림 엣센스 한일사전,,,owner-confirmed-cleared,,,naver:ja-dict-jlpt-list,verified,0,"[""naver-level-backfill"",""jmdict-exact"",""ko-from-naver"",""feedback-fix-2026-08-20""]",3,3.920,20,,
w_dec55e956faf43b2,N2,国旗,こっき,こっき,국기,noun,A,国旗を門に掲げる.,국기를 대문에 내걸다,,NAVER 일본어사전 · 민중서림 엣센스 한일사전,,,owner-confirmed-cleared,,,naver:ja-dict-jlpt-list,verified,0,"[""naver-level-backfill"",""jmdict-exact"",""ko-from-naver"",""feedback-fix-2026-08-20""]",3,3.820,22,,
w_70249e2ee07af709,N2,強盗,ごうとう,ごうとう,강도,noun,A,タクシーの乗客が強盗に開き直る.,택시 승객이 강도로 돌변하다,,NAVER 일본어사전 · 민중서림 엣센스 한일사전,,,owner-confirmed-cleared,,,naver:ja-dict-jlpt-list,verified,0,"[""naver-level-backfill"",""jmdict-exact"",""ko-from-naver"",""feedback-fix-2026-08-20""]",3,4.020,18,,
w_322a08f35b4fc8b2,N2,合理的,ごうりてき,ごうりてき,합리적인,adjective,A,合理的な疑いを差し挟む余地がない,합리적인 의심을 할 만한 여지가 없다,,NAVER 일본어사전 · 민중서림 엣센스 일한사전,,,owner-confirmed-cleared,,,naver:ja-dict-jlpt-list,verified,0,"[""naver-level-backfill"",""jmdict-exact"",""ko-from-naver"",""feedback-fix-2026-08-20""]",3,4.150,16,,
w_64be9a4f4460e1b5,N2,視聴者,しちょうしゃ,しちょうしゃ,시청자,noun,A,特番が視聴者から好評を博し、レギュラー番組化された,특집 프로그램이 시청자들의 호평을 이끌어 내며 정규 방송으로 편성되었다,,NAVER 일본어사전 · 민중서림 엣센스 일한사전,,,owner-confirmed-cleared,,,naver:ja-dict-jlpt-list,verified,0,"[""naver-level-backfill"",""jmdict-exact"",""ko-from-naver"",""feedback-fix-2026-08-20""]",3,4.760,5,,
w_41b2fd82135a94ad,N2,市長,しちょう,しちょう,시장,noun,A,市長に担ぎ上げる,시장으로 받들어 앉히다.,,NAVER 일본어사전 · 민중서림 엣센스 일한사전,,,owner-confirmed-cleared,,,naver:ja-dict-jlpt-list,verified,0,"[""naver-level-backfill"",""jmdict-exact"",""ko-from-naver"",""feedback-fix-2026-08-20""]",3,4.430,10,,
w_d617575c4b5aa129,N2,尻尾,しっぽ,しっぽ,꼬리,noun,A,犬が尻尾を巻いて逃げた.,개가 꼬리를 사리고 도망쳤다,,NAVER 일본어사전 · 민중서림 엣센스 한일사전,,,owner-confirmed-cleared,,,naver:ja-dict-jlpt-list,verified,0,"[""naver-level-backfill"",""jmdict-exact"",""ko-from-naver"",""feedback-fix-2026-08-20""]",3,3.980,19,,
w_c5eb0c79a85d68d5,N2,奨学金,しょうがくきん,しょうがくきん,장학금,noun,A,奨学金をもらえば授業料が免除される.,장학금을 받으면 수업료가 면제된다,,NAVER 일본어사전 · 민중서림 엣센스 한일사전,,,owner-confirmed-cleared,,,naver:ja-dict-jlpt-list,verified,0,"[""naver-level-backfill"",""jmdict-exact"",""ko-from-naver"",""feedback-fix-2026-08-20""]",3,3.860,21,,
w_069b6847fe6b8089,N2,承知,しょうち,しょうち,"承知, 승낙",noun,A,彼はなかなか承知しない,그는 여간해서 승낙하지 않는다[말을 잘 듣지 않는다],,NAVER 일본어사전 · 민중서림 엣센스 일한사전,,,owner-confirmed-cleared,,,naver:ja-dict-jlpt-list,verified,0,"[""naver-level-backfill"",""jmdict-exact"",""ko-from-naver"",""feedback-fix-2026-08-20""]",3,4.060,17,,
w_cfc4edffed67fa1b,N2,賞味期限,しょうみきげん,しょうみきげん,유통 기한,noun,A,賞味期限が過ぎています。,유통 기한이 지났어요. (쇼핑>마트>신선 제품),,NAVER 일본어사전 · 글로벌회화,,,owner-confirmed-cleared,,,naver:ja-dict-jlpt-list,verified,0,"[""naver-level-backfill"",""jmdict-exact"",""ko-from-naver"",""feedback-fix-2026-08-20""]",3,3.650,25,,
w_144336dcd0d84690,N2,省略,しょうりゃく,しょうりゃく,생략,noun,A,くだくだしい事は省略する,장황하고 번거로운 것은 생략한다.,,NAVER 일본어사전 · 민중서림 엣센스 일한사전,,,owner-confirmed-cleared,,,naver:ja-dict-jlpt-list,verified,0,"[""naver-level-backfill"",""jmdict-exact"",""ko-from-naver"",""feedback-fix-2026-08-20""]",3,3.850,21,,
w_7c5049b1b5f6d642,N2,充電,じゅうでん,じゅうでん,충전,noun,A,PHV専用の充電スタンドを設置する,플러그인 하이브리드 카 전용 충전소를 설치하다,,NAVER 일본어사전 · 민중서림 엣센스 일한사전,,,owner-confirmed-cleared,,,naver:ja-dict-jlpt-list,verified,0,"[""naver-level-backfill"",""jmdict-exact"",""ko-from-naver"",""feedback-fix-2026-08-20""]",3,4.450,10,,
w_55e83c7e5a6bea6a,N2,上達,じょうたつ,じょうたつ,"향상, 늘다",noun,A,英語が上達する,영어 실력이 향상되다,,NAVER 일본어사전 · 민중서림 엣센스 일한사전,,,owner-confirmed-cleared,,,naver:ja-dict-jlpt-list,verified,0,"[""naver-level-backfill"",""jmdict-exact"",""ko-from-naver"",""feedback-fix-2026-08-20""]",3,3.760,23,,
w_06bb7a4aad5e15e2,N2,戦後,せんご,せんご,전후,noun,A,戦後，チトー政権はチェトニックを取り締まり，５７年には森の教会も破壊された,(제2차 대전) 전후 티토 정권은 체트니크를 단속하였으며 57년에는 숲의 교회까지도 파괴되었다.,,NAVER 일본어사전 · 민중서림 엣센스 외래어사전,,,owner-confirmed-cleared,,,naver:ja-dict-jlpt-list,verified,0,"[""naver-level-backfill"",""jmdict-exact"",""ko-from-naver"",""feedback-fix-2026-08-20""]",3,4.360,12,,
w_646c0525514699e0,N2,担任,たんにん,たんにん,담임,noun,A,担任の先生と面談する.,담임 선생님과 면담하다,,NAVER 일본어사전 · 민중서림 엣센스 한일사전,,,owner-confirmed-cleared,,,naver:ja-dict-jlpt-list,verified,0,"[""naver-level-backfill"",""jmdict-exact"",""ko-from-naver"",""feedback-fix-2026-08-20""]",3,3.920,20,,
w_e8c38e653ce2eabb,N2,男女,だんじょ,だんじょ,남녀,noun,A,男女の唱和による歌,남녀의 창화에 의한 노래,,NAVER 일본어사전 · 민중서림 엣센스 일한사전,,,owner-confirmed-cleared,,,naver:ja-dict-jlpt-list,verified,0,"[""naver-level-backfill"",""jmdict-exact"",""ko-from-naver"",""feedback-fix-2026-08-20""]",3,4.640,6,,
w_7cafc14ce18cf1a5,N2,店長,てんちょう,てんちょう,점장,noun,A,ビアテイスターの資格を持つ店長,맥주 전문가 자격증이 있는 점장,,NAVER 일본어사전 · 민중서림 엣센스 일한사전,,,owner-confirmed-cleared,,,naver:ja-dict-jlpt-list,verified,0,"[""naver-level-backfill"",""jmdict-exact"",""ko-from-naver"",""feedback-fix-2026-08-20""]",3,4.140,16,,
w_3e2608d07255f10c,N2,電子,でんし,でんし,전자,noun,A,ミルクを電子レンジで暖めている,우유를 전자레인지로 데우고 있다,,NAVER 일본어사전 · 민중서림 엣센스 일한사전,,,owner-confirmed-cleared,,,naver:ja-dict-jlpt-list,verified,0,"[""naver-level-backfill"",""jmdict-exact"",""ko-from-naver"",""feedback-fix-2026-08-20""]",3,4.810,4,,
w_ba2e6fc1ecffb05a,N2,同時,どうじ,どうじ,동시,noun,A,雷鳴と同時に停電した,천둥 소리와 동시에 정전이 되었다,,NAVER 일본어사전 · 민중서림 엣센스 한일사전,,,owner-confirmed-cleared,,,naver:ja-dict-jlpt-list,verified,0,"[""naver-level-backfill"",""jmdict-exact"",""ko-from-naver"",""feedback-fix-2026-08-20""]",3,4.420,10,,
w_a1d8a73cc5506787,N2,独特,どくとく,どくとく,독특한,adjective,A,歩き方に独特の足癖がある,걸음걸이에 독특한 버릇이 있다,,NAVER 일본어사전 · 민중서림 엣센스 일한사전,,,owner-confirmed-cleared,,,naver:ja-dict-jlpt-list,verified,0,"[""naver-level-backfill"",""jmdict-exact"",""ko-from-naver"",""feedback-fix-2026-08-20""]",3,4.230,14,,
w_762d9de9ee125760,N2,納税,のうぜい,のうぜい,납세,noun,A,納税は国民の務めである,납세는 국민의 의무이다.,,NAVER 일본어사전 · 민중서림 엣센스 일한사전,,,owner-confirmed-cleared,,,naver:ja-dict-jlpt-list,verified,0,"[""naver-level-backfill"",""jmdict-exact"",""ko-from-naver"",""feedback-fix-2026-08-20""]",3,3.950,19,,
w_83b7127753e8a7aa,N2,爆発,ばくはつ,ばくはつ,폭발,noun,A,ガスの爆発で家が激しく揺れる.,가스 폭발로 집이 뒤흔들리다,,NAVER 일본어사전 · 민중서림 엣센스 한일사전,,,owner-confirmed-cleared,,,naver:ja-dict-jlpt-list,verified,0,"[""naver-level-backfill"",""jmdict-exact"",""ko-from-naver"",""feedback-fix-2026-08-20""]",3,4.740,5,,
w_d129be83027447d1,N2,必死,ひっし,ひっし,필사적,adjective,A,遅れを取り戻すために、必死に働いた,뒤진 것을 만회하기 위해 필사적으로[죽을힘을 다해] 일했다,,NAVER 일본어사전 · 민중서림 엣센스 일한사전,,,owner-confirmed-cleared,,,naver:ja-dict-jlpt-list,verified,0,"[""naver-level-backfill"",""jmdict-exact"",""ko-from-naver"",""feedback-fix-2026-08-20""]",3,4.470,9,,
w_be14f0c48a9b8b41,N2,平等,びょうどう,びょうどう,평등,noun,A,法の前には万人が平等である.,법 앞에서는 만인이 평등하다,,NAVER 일본어사전 · 민중서림 엣센스 한일사전,,,owner-confirmed-cleared,,,naver:ja-dict-jlpt-list,verified,0,"[""naver-level-backfill"",""jmdict-exact"",""ko-from-naver"",""feedback-fix-2026-08-20""]",3,3.940,20,,
w_54e3c0502c73d7e9,N2,分野,ぶんや,ぶんや,분야,noun,A,新しい分野の研究に道をつける.,새로운 분야를 연구하는 계기를 마련하다,,NAVER 일본어사전 · 민중서림 엣센스 한일사전,,,owner-confirmed-cleared,,,naver:ja-dict-jlpt-list,verified,0,"[""naver-level-backfill"",""jmdict-exact"",""ko-from-naver"",""feedback-fix-2026-08-20""]",3,4.640,6,,
w_f43d2cc32a5fa5be,N2,防災,ぼうさい,ぼうさい,방재,noun,A,防災に手抜かりがある.,방재에 미비한 데가 있다,,NAVER 일본어사전 · 민중서림 엣센스 한일사전,,,owner-confirmed-cleared,,,naver:ja-dict-jlpt-list,verified,0,"[""naver-level-backfill"",""jmdict-exact"",""ko-from-naver"",""feedback-fix-2026-08-20""]",3,4.080,17,,
